﻿<?xml version="1.0" encoding="utf-8"?>
<data>
  <KeyItem Index="0" Name="KeyItem.CompressedDataName">
    <Dialogue Key="KeyItem.CompressedDataDescDialogue1" />
    <Dialogue Key="KeyItem.CompressedDataDescDialogue2" />
  </KeyItem>
  <KeyItem Index="1" Name="KeyItem.HeatDataName">
    <Dialogue Key="KeyItem.HeatDataDescDialogue1" />
  </KeyItem>
  <KeyItem Index="2" Name="KeyItem.AntiFreezeName">
    <Dialogue Key="KeyItem.AntiFreezeDescDialogue1" />
  </KeyItem>
  <KeyItem Index="3" Name="KeyItem.MetroPassName">
    <Dialogue Key="KeyItem.MetroPassDescDialogue1" />
  </KeyItem>
  <KeyItem Index="4" Name="KeyItem.IceCrystalDataName">
    <Dialogue Key="KeyItem.IceCrystalDataDescDialogue1" />
  </KeyItem>
  <KeyItem Index="5" Name="KeyItem.PackageDataName">
    <Dialogue Key="KeyItem.PackageDataDescDialogue1" />
  </KeyItem>
  <KeyItem Index="6" Name="KeyItem.MariPCodeName">
    <Dialogue Key="KeyItem.MariPCodeDescDialogue1" />
  </KeyItem>
  <KeyItem Index="7" Name="KeyItem.RemiliaPCodeName">
    <Dialogue Key="KeyItem.RemiliaPCodeDescDialogue1" />
  </KeyItem>
  <KeyItem Index="8" Name="KeyItem.RikaPCodeName">
    <Dialogue Key="KeyItem.RikaPCodeDescDialogue1" />
  </KeyItem>
  <KeyItem Index="9" Name="KeyItem.TsubakiPCodeName">
    <Dialogue Key="KeyItem.TsubakiPCodeDescDialogue1" />
  </KeyItem>
  <KeyItem Index="10" Name="KeyItem.TenshiPCodeName">
    <Dialogue Key="KeyItem.TenshiPCodeDescDialogue1" />
  </KeyItem>
  <KeyItem Index="11" Name="KeyItem.SpareCodeName">
    <Dialogue Key="KeyItem.SpareCodeDescDialogue1" />
  </KeyItem>
  <KeyItem Index="12" Name="KeyItem.OldChipDataName">
    <Dialogue Key="KeyItem.OldChipDataDescDialogue1" />
  </KeyItem>
  <KeyItem Index="13" Name="KeyItem.TeacherIDName">
    <Dialogue Key="KeyItem.TeacherIDDescDialogue1" />
  </KeyItem>
  <KeyItem Index="14" Name="KeyItem.CruiseTicketName">
    <Dialogue Key="KeyItem.CruiseTicketDescDialogue1" />
  </KeyItem>
  <KeyItem Index="15" Name="KeyItem.YinKeyName">
    <Dialogue Key="KeyItem.YinKeyDescDialogue1" />
  </KeyItem>
  <KeyItem Index="16" Name="KeyItem.YangKeyName">
    <Dialogue Key="KeyItem.YangKeyDescDialogue1" />
  </KeyItem>
  <KeyItem Index="17" Name="KeyItem.AdminPCodeName">
    <Dialogue Key="KeyItem.AdminPCodeDescDialogue1" />
  </KeyItem>
  <KeyItem Index="18" Name="KeyItem.SmallParcelName">
    <Dialogue Key="KeyItem.SmallParcelDescDialogue1" />
  </KeyItem>
  <KeyItem Index="19" Name="KeyItem.WrigglePendantName">
    <Dialogue Key="KeyItem.WrigglePendantDescDialogue1" />
    <Dialogue Key="KeyItem.WrigglePendantDescDialogue2" />
  </KeyItem>
  <KeyItem Index="20" Name="KeyItem.ROMIDName">
    <Dialogue Key="KeyItem.ROMIDDescDialogue1" />
  </KeyItem>
  <KeyItem Index="21" Name="KeyItem.PreservedFlowerName">
    <Dialogue Key="KeyItem.PreservedFlowerDescDialogue1" />
  </KeyItem>
  <KeyItem Index="22" Name="KeyItem.OldKeyDataName">
    <Dialogue Key="KeyItem.OldKeyDataDescDialogue1" />
  </KeyItem>
  <KeyItem Index="23" Name="KeyItem.OldIDDataName">
    <Dialogue Key="KeyItem.OldIDDataDescDialogue1" />
  </KeyItem>
  <KeyItem Index="24" Name="KeyItem.OldPasscodeName">
    <Dialogue Key="KeyItem.OldPasscodeDescDialogue1" />
  </KeyItem>
  <KeyItem Index="25" Name="KeyItem.ReincarnationProgramName">
    <Dialogue Key="KeyItem.ReincarnationProgramDescDialogue1" />
  </KeyItem>
  <KeyItem Index="26" Name="KeyItem.SecretKeyName">
    <Dialogue Key="KeyItem.SecretKeyDescDialogue1" />
  </KeyItem>
  <KeyItem Index="27" Name="KeyItem.DarkKeyName">
    <Dialogue Key="KeyItem.DarkKeyDescDialogue1" />
  </KeyItem>
  <KeyItem Index="28" Name="KeyItem.CrimDexName">
    <Dialogue Key="KeyItem.CrimDexDescDialogue1" />
  </KeyItem>
  <KeyItem Index="29" Name="KeyItem.TroubleshooterIDName">
    <Dialogue Key="KeyItem.TroubleshooterIDDescDialogue1" />
  </KeyItem>
  <KeyItem Index="30" Name="KeyItem.RoukankenName">
    <Dialogue Key="KeyItem.RoukankenDescDialogue1" />
  </KeyItem>
  <KeyItem Index="31" Name="KeyItem.MirrorShardName">
    <Dialogue Key="KeyItem.MirrorShardDescDialogue1" />
    <Dialogue Key="KeyItem.MirrorShardDescDialogue2" />
  </KeyItem>
  <KeyItem Index="32" Name="KeyItem.FreezeCoreName">
    <Dialogue Key="KeyItem.FreezeCoreDescDialogue1" />
  </KeyItem>
  <KeyItem Index="33" Name="KeyItem.OrderBookName">
    <Dialogue Key="KeyItem.OrderBookDescDialogue1" />
    <Dialogue Key="KeyItem.OrderBookDescDialogue2" />
  </KeyItem>
</data>