﻿<?xml version="1.0" encoding="utf-8"?>
<data>
  <Character Sheet="2" Index="6" IsFloating="True" NoShadow="False" />
  <Character Sheet="7" Index="0" IsFloating="True" NoShadow="False" />
  <Character Sheet="7" Index="1" IsFloating="True" NoShadow="False" />
  <Character Sheet="7" Index="2" IsFloating="True" NoShadow="False" />
  <Character Sheet="7" Index="3" IsFloating="True" NoShadow="False" />
  <Character Sheet="7" Index="4" IsFloating="True" NoShadow="False" />
  <Character Sheet="7" Index="7" IsFloating="True" NoShadow="False" />
  <Character Sheet="8" Index="0" IsFloating="True" NoShadow="False" />
  <Character Sheet="8" Index="6" IsFloating="True" NoShadow="True" />
  <Character Sheet="10" Index="0" IsFloating="True" NoShadow="False" />
  <Character Sheet="10" Index="1" IsFloating="False" NoShadow="True" />
  <Character Sheet="10" Index="2" IsFloating="False" NoShadow="True" />
  <Character Sheet="10" Index="3" IsFloating="False" NoShadow="True" />
  <Character Sheet="10" Index="4" IsFloating="False" NoShadow="True" />
  <Character Sheet="10" Index="5" IsFloating="False" NoShadow="True" />
  <Character Sheet="10" Index="6" IsFloating="False" NoShadow="True" />
  <Character Sheet="10" Index="7" IsFloating="False" NoShadow="True" />
  <Character Sheet="11" Index="5" IsFloating="True" NoShadow="False" />
  <Character Sheet="13" Index="0" IsFloating="True" NoShadow="False" />
  <Character Sheet="13" Index="1" IsFloating="True" NoShadow="True" />
  <Character Sheet="13" Index="2" IsFloating="True" NoShadow="True" />
  <Character Sheet="13" Index="4" IsFloating="False" NoShadow="True" />
  <Character Sheet="13" Index="5" IsFloating="True" NoShadow="False" />
  <Character Sheet="13" Index="7" IsFloating="True" NoShadow="False" />
  <Character Sheet="17" Index="4" IsFloating="True" NoShadow="False" />
  <Character Sheet="19" Index="1" IsFloating="False" NoShadow="True" />
  <Character Sheet="19" Index="2" IsFloating="False" NoShadow="True" />
  <Character Sheet="19" Index="3" IsFloating="False" NoShadow="True" />
  <Character Sheet="19" Index="4" IsFloating="True" NoShadow="False" />
  <Character Sheet="19" Index="7" IsFloating="True" NoShadow="False" />
  <Character Sheet="20" Index="0" IsFloating="False" NoShadow="True" />
  <Character Sheet="20" Index="1" IsFloating="True" NoShadow="True" />
  <Character Sheet="20" Index="2" IsFloating="False" NoShadow="True" />
  <Character Sheet="20" Index="3" IsFloating="False" NoShadow="True" />
  <Character Sheet="20" Index="4" IsFloating="False" NoShadow="True" />
  <Character Sheet="20" Index="5" IsFloating="False" NoShadow="True" />
  <Character Sheet="20" Index="6" IsFloating="True" NoShadow="True" />
  <Character Sheet="20" Index="7" IsFloating="False" NoShadow="True" />
  <Character Sheet="21" Index="0" IsFloating="True" NoShadow="True" />
</data>